{
  "timestamp": "20251201_225241",
  "n_samples": 5000,
  "snr_range": [
    0,
    5,
    10,
    15,
    20,
    25,
    30
  ],
  "channels": [
    "awgn",
    "rayleigh",
    "rician",
    "lora"
  ],
  "results": {
    "awgn": {
      "snr_db": [
        0,
        5,
        10,
        15,
        20,
        25,
        30
      ],
      "semantic_accuracy": [
        0.3208,
        0.7592,
        0.9936,
        1.0,
        1.0,
        1.0,
        1.0
      ],
      "ber": [
        0.1594875,
        0.0377375,
        0.000925,
        0.0,
        0.0,
        0.0,
        0.0
      ],
      "class_accuracy": {
        "optimal": [
          0.24182358771060455,
          0.757185332011893,
          0.9960356788899901,
          1.0,
          1.0,
          1.0,
          1.0
        ],
        "nutrient_deficiency": [
          0.24597701149425288,
          0.7340996168582375,
          0.9900383141762452,
          1.0,
          1.0,
          1.0,
          1.0
        ],
        "fungal_risk": [
          0.2367601246105919,
          0.7850467289719626,
          0.9937694704049844,
          1.0,
          1.0,
          1.0,
          1.0
        ],
        "water_deficit_acidic": [
          0.26324237560192615,
          0.7367576243980738,
          0.9919743178170144,
          1.0,
          1.0,
          1.0,
          1.0
        ],
        "water_deficit_alkaline": [
          0.2488619119878604,
          0.7177541729893778,
          0.9908952959028832,
          1.0,
          1.0,
          1.0,
          1.0
        ],
        "acidic_soil": [
          0.26778242677824265,
          0.7071129707112971,
          0.99581589958159,
          1.0,
          1.0,
          1.0,
          1.0
        ],
        "alkaline_soil": [
          0.23931623931623933,
          0.717948717948718,
          1.0,
          1.0,
          1.0,
          1.0,
          1.0
        ],
        "heat_stress": [
          0.8442622950819673,
          0.9065573770491804,
          0.9983606557377049,
          1.0,
          1.0,
          1.0,
          1.0
        ]
      }
    },
    "rayleigh": {
      "snr_db": [
        0,
        5,
        10,
        15,
        20,
        25,
        30
      ],
      "semantic_accuracy": [
        0.4652,
        0.7354,
        0.9068,
        0.9636,
        0.9884,
        0.9974,
        0.9992
      ],
      "ber": [
        0.1513,
        0.065025,
        0.02255,
        0.0085375,
        0.0027125,
        0.000575,
        0.0002125
      ],
      "class_accuracy": {
        "optimal": [
          0.38255698711595637,
          0.6878097125867195,
          0.8949454905847374,
          0.9623389494549058,
          0.9851337958374629,
          0.9940535183349851,
          0.998017839444995
        ],
        "nutrient_deficiency": [
          0.40076628352490423,
          0.7157088122605364,
          0.8996168582375479,
          0.9563218390804598,
          0.9869731800766284,
          0.9969348659003832,
          1.0
        ],
        "fungal_risk": [
          0.42990654205607476,
          0.719626168224299,
          0.8785046728971962,
          0.9657320872274143,
          0.9906542056074766,
          1.0,
          0.9968847352024922
        ],
        "water_deficit_acidic": [
          0.4028892455858748,
          0.7014446227929374,
          0.9117174959871589,
          0.956661316211878,
          0.9903691813804173,
          1.0,
          1.0
        ],
        "water_deficit_alkaline": [
          0.4385432473444613,
          0.7374810318664643,
          0.8907435508345979,
          0.9544764795144158,
          0.9878603945371776,
          1.0,
          0.9984825493171472
        ],
        "acidic_soil": [
          0.39330543933054396,
          0.6569037656903766,
          0.8828451882845189,
          0.9832635983263598,
          0.9832635983263598,
          1.0,
          1.0
        ],
        "alkaline_soil": [
          0.43162393162393164,
          0.6923076923076923,
          0.905982905982906,
          0.9615384615384616,
          0.9829059829059829,
          0.9871794871794872,
          1.0
        ],
        "heat_stress": [
          0.8918032786885246,
          0.9442622950819672,
          0.978688524590164,
          0.9901639344262295,
          0.9983606557377049,
          1.0,
          1.0
        ]
      }
    },
    "rician": {
      "snr_db": [
        0,
        5,
        10,
        15,
        20,
        25,
        30
      ],
      "semantic_accuracy": [
        0.4212,
        0.723,
        0.91,
        0.9764,
        0.9922,
        0.9982,
        0.9992
      ],
      "ber": [
        0.121475,
        0.042325,
        0.012575,
        0.00325,
        0.001175,
        0.0002375,
        0.0001125
      ],
      "class_accuracy": {
        "optimal": [
          0.3785926660059465,
          0.7145688800792864,
          0.9078295341922695,
          0.9702675916749257,
          0.9960356788899901,
          0.9970267591674926,
          1.0
        ],
        "nutrient_deficiency": [
          0.3624521072796935,
          0.6934865900383141,
          0.9019157088122606,
          0.9762452107279693,
          0.9869731800766284,
          0.9984674329501916,
          1.0
        ],
        "fungal_risk": [
          0.367601246105919,
          0.6853582554517134,
          0.9065420560747663,
          0.9719626168224299,
          0.9968847352024922,
          1.0,
          1.0
        ],
        "water_deficit_acidic": [
          0.3306581059390048,
          0.7030497592295345,
          0.8924558587479936,
          0.9775280898876404,
          0.9967897271268058,
          0.9967897271268058,
          0.9967897271268058
        ],
        "water_deficit_alkaline": [
          0.3626707132018209,
          0.6934749620637329,
          0.9013657056145675,
          0.9833080424886191,
          0.9893778452200304,
          0.9984825493171472,
          0.9984825493171472
        ],
        "acidic_soil": [
          0.3179916317991632,
          0.6694560669456067,
          0.9288702928870293,
          0.9665271966527197,
          0.9916317991631799,
          1.0,
          1.0
        ],
        "alkaline_soil": [
          0.4230769230769231,
          0.7222222222222222,
          0.8888888888888888,
          0.9700854700854701,
          0.9914529914529915,
          0.9957264957264957,
          1.0
        ],
        "heat_stress": [
          0.840983606557377,
          0.8934426229508197,
          0.9606557377049181,
          0.9868852459016394,
          0.9934426229508196,
          1.0,
          0.9983606557377049
        ]
      }
    },
    "lora": {
      "snr_db": [
        0,
        5,
        10,
        15,
        20,
        25,
        30
      ],
      "semantic_accuracy": [
        0.4294,
        0.5978,
        0.7536,
        0.863,
        0.94,
        0.9764,
        0.9896
      ],
      "ber": [
        0.16055,
        0.0997875,
        0.0513375,
        0.025775,
        0.0092,
        0.0033125,
        0.001475
      ],
      "class_accuracy": {
        "optimal": [
          0.37661050545094155,
          0.5530227948463825,
          0.734390485629336,
          0.8503468780971258,
          0.9385530227948464,
          0.9732408325074331,
          0.9910802775024777
        ],
        "nutrient_deficiency": [
          0.35478927203065136,
          0.5448275862068965,
          0.7333333333333333,
          0.8505747126436781,
          0.9417624521072797,
          0.9716475095785441,
          0.9862068965517241
        ],
        "fungal_risk": [
          0.3707165109034268,
          0.5295950155763239,
          0.7507788161993769,
          0.8286604361370716,
          0.9158878504672897,
          0.9719626168224299,
          0.9906542056074766
        ],