{
  "timestamp": "20260118_164605",
  "n_samples": 5000,
  "snr_range": [
    -15,
    -10,
    -5,
    0,
    5,
    10,
    15,
    20,
    25,
    30
  ],
  "channels": [
    "awgn",
    "rayleigh",
    "rician",
    "lora"
  ],
  "results": {
    "awgn": {
      "snr_db": [
        -15,
        -10,
        -5,
        0,
        5,
        10,
        15,
        20,
        25,
        30
      ],
      "semantic_accuracy": [
        0.1078,
        0.1276,
        0.2172,
        0.548,
        0.9582,
        1.0,
        1.0,
        1.0,
        1.0,
        1.0
      ],
      "ber": [
        0.401725,
        0.326725,
        0.213875,
        0.0800375,
        0.00585,
        0.0,
        0.0,
        0.0,
        0.0,
        0.0
      ],
      "class_accuracy": {
        "optimal": [
          0.01579778830963665,
          0.052132701421800945,
          0.14691943127962084,
          0.5308056872037915,
          0.9304897314375987,
          1.0,
          1.0,
          1.0,
          1.0,
          1.0
        ],
        "nutrient_deficiency": [
          0.01598173515981735,
          0.03881278538812785,
          0.1567732115677321,
          0.5114155251141552,
          0.9611872146118722,
          1.0,
          1.0,
          1.0,
          1.0,
          1.0
        ],
        "fungal_risk": [
          0.008333333333333333,
          0.041666666666666664,
          0.1375,
          0.5177083333333333,
          0.965625,
          1.0,
          1.0,
          1.0,
          1.0,
          1.0
        ],
        "water_deficit_acidic": [
          0.015228426395939087,
          0.04230118443316413,
          0.1404399323181049,
          0.4906937394247039,
          0.9509306260575296,
          1.0,
          1.0,
          1.0,
          1.0,
          1.0
        ],
        "water_deficit_alkaline": [
          0.02592087312414734,
          0.040927694406548434,
          0.15552523874488403,
          0.5279672578444747,
          0.9577080491132333,
          1.0,
          1.0,
          1.0,
          1.0,
          1.0
        ],
        "acidic_soil": [
          0.02857142857142857,
          0.03571428571428571,
          0.17857142857142858,
          0.4357142857142857,
          0.9285714285714286,
          1.0,
          1.0,
          1.0,
          1.0,
          1.0
        ],
        "alkaline_soil": [
          0.007142857142857143,
          0.07142857142857142,
          0.16428571428571428,
          0.5714285714285714,
          0.9857142857142858,
          1.0,
          1.0,
          1.0,
          1.0,
          1.0
        ],
        "heat_stress": [
          0.9550102249488752,
          0.9079754601226994,
          0.8384458077709611,
          0.852760736196319,
          0.9815950920245399,
          1.0,
          1.0,
          1.0,
          1.0,
          1.0
        ]
      }
    },
    "rayleigh": {
      "snr_db": [
        -15,
        -10,
        -5,
        0,
        5,
        10,
        15,
        20,
        25,
        30
      ],
      "semantic_accuracy": [
        0.108,
        0.1174,
        0.1678,
        0.3394,
        0.615,
        0.8384,
        0.94,
        0.9834,
        0.9938,
        0.9984
      ],
      "ber": [
        0.4131875,
        0.3480875,
        0.2564125,
        0.1458,
        0.0638625,
        0.02375,
        0.008,
        0.0022125,
        0.0008375,
        0.0002375
      ],
      "class_accuracy": {
        "optimal": [
          0.017377567140600316,
          0.045813586097946286,
          0.08530805687203792,
          0.2812006319115324,
          0.5987361769352291,
          0.8167456556082149,
          0.9383886255924171,
          0.9873617693522907,
          0.990521327014218,
          0.995260663507109
        ],
        "nutrient_deficiency": [
          0.0106544901065449,
          0.02663622526636225,
          0.08599695585996955,
          0.2838660578386606,
          0.60882800608828,
          0.8234398782343988,
          0.9246575342465754,
          0.9809741248097412,
          0.9939117199391172,
          0.9984779299847792
        ],
        "fungal_risk": [
          0.017708333333333333,
          0.036458333333333336,
          0.11145833333333334,
          0.29583333333333334,
          0.5583333333333333,
          0.8229166666666666,
          0.9385416666666667,
          0.9791666666666666,
          0.996875,
          1.0
        ],
        "water_deficit_acidic": [
          0.008460236886632826,
          0.0338409475465313,
          0.0829103214890017,
          0.2521150592216582,
          0.5922165820642978,
          0.8307952622673435,
          0.9560067681895094,
          0.9864636209813875,
          0.9966159052453468,
          0.9983079526226735
        ],
        "water_deficit_alkaline": [
          0.019099590723055934,
          0.02592087312414734,
          0.08594815825375171,
          0.30559345156889495,
          0.5934515688949522,
          0.8321964529331515,
          0.9386084583901774,
          0.9809004092769441,
          0.9931787175989086,
          0.9986357435197817
        ],
        "acidic_soil": [
          0.03571428571428571,
          0.05,
          0.09285714285714286,
          0.22857142857142856,
          0.5214285714285715,
          0.8142857142857143,
          0.9071428571428571,
          0.9857142857142858,
          0.9785714285714285,
          1.0
        ],
        "alkaline_soil": [
          0.02857142857142857,
          0.014285714285714285,
          0.07142857142857142,
          0.30714285714285716,
          0.5785714285714286,
          0.8642857142857143,
          0.9285714285714286,
          0.9857142857142858,
          0.9928571428571429,
          0.9928571428571429
        ],
        "heat_stress": [
          0.9611451942740287,
          0.8997955010224948,
          0.8793456032719836,
          0.8466257668711656,
          0.8609406952965235,
          0.9550102249488752,
          0.9815950920245399,
          0.9918200408997955,
          0.9938650306748467,
          1.0
        ]
      }
    },
    "rician": {
      "snr_db": [
        -15,
        -10,
        -5,
        0,
        5,
        10,
        15,
        20,
        25,
        30
      ],
      "semantic_accuracy": [
        0.108,
        0.122,
        0.1886,
        0.3852,
        0.73,
        0.913,
        0.9746,
        0.99,
        0.9984,
        0.9994
      ],
      "ber": [
        0.40835,
        0.3415,
        0.2387625,
        0.1251125,
        0.043425,
        0.0119375,
        0.0033,
        0.001125,
        0.0002375,
        0.0001375
      ],
      "class_accuracy": {
        "optimal": [
          0.011058451816745656,
          0.036334913112164295,
          0.10584518167456557,
          0.358609794628752,
          0.7330173775671406,
          0.8988941548183255,
          0.985781990521327,
          0.9921011058451816,
          0.9968404423380727,
          1.0
        ],
        "nutrient_deficiency": [
          0.01902587519025875,
          0.0380517503805175,
          0.11643835616438356,
          0.3340943683409437,
          0.7146118721461188,
          0.9117199391171994,
          0.9710806697108066,
          0.9878234398782344,
          0.9984779299847792,
          1.0
        ],
        "fungal_risk": [
          0.011458333333333333,
          0.036458333333333336,
          0.11354166666666667,
          0.3375,
          0.6875,
          0.9052083333333333,
          0.96875,
          0.9916666666666667,
          0.9979166666666667,
          0.996875
        ],