{
  "timestamp": "20251217_220929",
  "n_samples": 5000,
  "snr_range": [
    -15,
    -10,
    -5,
    0,
    5,
    10,
    15,
    20,
    25,
    30
  ],
  "channels": [
    "awgn",
    "rayleigh",
    "rician",
    "lora"
  ],
  "results": {
    "awgn": {
      "snr_db": [
        -15,
        -10,
        -5,
        0,
        5,
        10,
        15,
        20,
        25,
        30
      ],
      "semantic_accuracy": [
        0.1284,
        0.1342,
        0.1652,
        0.3186,
        0.7586,
        0.9944,
        1.0,
        1.0,
        1.0,
        1.0
      ],
      "ber": [
        0.42835,
        0.3766125,
        0.2887875,
        0.1583625,
        0.038125,
        0.0008375,
        0.0,
        0.0,
        0.0,
        0.0
      ],
      "class_accuracy": {
        "optimal": [
          0.011892963330029732,
          0.024777006937561942,
          0.061446977205153616,
          0.2606541129831516,
          0.7393458870168483,
          0.9920713577799801,
          1.0,
          1.0,
          1.0,
          1.0
        ],
        "nutrient_deficiency": [
          0.00996168582375479,
          0.024521072796934867,
          0.06283524904214559,
          0.22528735632183908,
          0.7241379310344828,
          0.9954022988505747,
          1.0,
          1.0,
          1.0,
          1.0
        ],
        "fungal_risk": [
          0.006230529595015576,
          0.03426791277258567,
          0.06542056074766354,
          0.2523364485981308,
          0.7570093457943925,
          0.9937694704049844,
          1.0,
          1.0,
          1.0,
          1.0
        ],
        "water_deficit_acidic": [
          0.014446227929373997,
          0.019261637239165328,
          0.0593900481540931,
          0.28892455858747995,
          0.7528089887640449,
          0.9951845906902087,
          1.0,
          1.0,
          1.0,
          1.0
        ],
        "water_deficit_alkaline": [
          0.013657056145675266,
          0.021244309559939303,
          0.07435508345978756,
          0.23975720789074356,
          0.7496206373292867,
          0.9939301972685888,
          1.0,
          1.0,
          1.0,
          1.0
        ],
        "acidic_soil": [
          0.008368200836820083,
          0.03765690376569038,
          0.0502092050209205,
          0.24686192468619247,
          0.7531380753138075,
          0.9916317991631799,
          1.0,
          1.0,
          1.0,
          1.0
        ],
        "alkaline_soil": [
          0.01282051282051282,
          0.03418803418803419,
          0.05982905982905983,
          0.21794871794871795,
          0.7136752136752137,
          0.9914529914529915,
          1.0,
          1.0,
          1.0,
          1.0
        ],
        "heat_stress": [
          0.9704918032786886,
          0.9180327868852459,
          0.9,
          0.8311475409836065,
          0.9,
          0.9983606557377049,
          1.0,
          1.0,
          1.0,
          1.0
        ]
      }
    },
    "rayleigh": {
      "snr_db": [
        -15,
        -10,
        -5,
        0,
        5,
        10,
        15,
        20,
        25,
        30
      ],
      "semantic_accuracy": [
        0.1306,
        0.154,
        0.2364,
        0.4766,
        0.7326,
        0.9002,
        0.9636,
        0.9886,
        0.9974,
        0.999
      ],
      "ber": [
        0.41065,
        0.3491625,
        0.2553875,
        0.1460875,
        0.0658,
        0.023625,
        0.0081625,
        0.0026125,
        0.000575,
        0.000225
      ],
      "class_accuracy": {
        "optimal": [
          0.01684836471754212,
          0.05054509415262636,
          0.13280475718533202,
          0.40733399405351833,
          0.7016848364717542,
          0.88800792864222,
          0.956392467789891,
          0.9910802775024777,
          0.998017839444995,
          0.9990089197224975
        ],
        "nutrient_deficiency": [
          0.019157088122605363,
          0.05747126436781609,
          0.15478927203065135,
          0.43524904214559385,
          0.7180076628352491,
          0.8934865900383142,
          0.9632183908045977,
          0.9877394636015325,
          0.9961685823754789,
          0.9977011494252873
        ],
        "fungal_risk": [
          0.018691588785046728,
          0.037383177570093455,
          0.16510903426791276,
          0.3894080996884735,
          0.67601246105919,
          0.8940809968847352,
          0.9688473520249221,
          0.9813084112149533,
          1.0,
          1.0
        ],
        "water_deficit_acidic": [
          0.01765650080256822,
          0.033707865168539325,
          0.1653290529695024,
          0.45425361155698235,
          0.6902086677367576,
          0.8796147672552167,
          0.9534510433386838,
          0.9839486356340289,
          0.9983948635634029,
          1.0
        ],
        "water_deficit_alkaline": [
          0.01669195751138088,
          0.03945371775417299,
          0.15477996965098634,
          0.40819423368740515,
          0.7192716236722306,
          0.8952959028831563,
          0.952959028831563,
          0.9817905918057663,
          0.9984825493171472,
          0.9984825493171472
        ],
        "acidic_soil": [
          0.02092050209205021,
          0.029288702928870293,
          0.13389121338912133,
          0.39330543933054396,
          0.6401673640167364,
          0.8870292887029289,
          0.9623430962343096,
          0.99581589958159,
          0.9916317991631799,
          1.0
        ],
        "alkaline_soil": [
          0.021367521367521368,
          0.07692307692307693,
          0.13247863247863248,
          0.37606837606837606,
          0.7393162393162394,
          0.905982905982906,
          0.9658119658119658,
          0.9914529914529915,
          0.9914529914529915,
          1.0
        ],
        "heat_stress": [
          0.9393442622950819,
          0.9180327868852459,
          0.860655737704918,
          0.8934426229508197,
          0.9360655737704918,
          0.9672131147540983,
          0.9950819672131147,
          0.9983606557377049,
          1.0,
          1.0
        ]
      }
    },
    "rician": {
      "snr_db": [
        -15,
        -10,
        -5,
        0,
        5,
        10,
        15,
        20,
        25,
        30
      ],
      "semantic_accuracy": [
        0.1306,
        0.1428,
        0.2024,
        0.4026,
        0.7234,
        0.918,
        0.9728,
        0.9934,
        0.9982,
        0.9994
      ],
      "ber": [
        0.4092875,
        0.341825,
        0.2383375,
        0.123475,
        0.0435,
        0.011725,
        0.003375,
        0.0009125,
        0.000225,
        8.75e-05
      ],
      "class_accuracy": {
        "optimal": [
          0.013875123885034688,
          0.04757185332011893,
          0.11793855302279485,
          0.3260654112983152,
          0.7026759167492567,
          0.9078295341922695,
          0.9633300297324083,
          0.9910802775024777,
          0.9970267591674926,
          0.9990089197224975
        ],
        "nutrient_deficiency": [
          0.01992337164750958,
          0.029885057471264367,
          0.10574712643678161,
          0.35325670498084294,
          0.7111111111111111,
          0.8973180076628352,
          0.9701149425287356,
          0.9946360153256705,
          0.9992337164750957,
          0.9992337164750957
        ],
        "fungal_risk": [
          0.028037383177570093,
          0.037383177570093455,
          0.09657320872274143,
          0.3364485981308411,
          0.660436137071651,
          0.9096573208722741,
          0.9750778816199377,
          0.9906542056074766,
          0.9968847352024922,
          1.0
        ],