{
  "model": "L-DeepSC System Optimization",
  "config": {
    "latent_dim": 32,
    "chan_dim": 32,
    "hidden_dim": 128,
    "num_repetitions": 3,
    "snr_range": [
      -15,
      -10,
      -5,
      0,
      5,
      10,
      15,
      20,
      25,
      30
    ],
    "num_epochs": 150
  },
  "results_by_snr": {
    "-15": {
      "accuracy_before": 0.7355308124793297,
      "accuracy_after": 0.3139675890199537,
      "f1_before": 0.6754250721414292,
      "f1_after": 0.23431453464199423,
      "rmse": 12.25283282475711
    },
    "-10": {
      "accuracy_before": 0.7355308124793297,
      "accuracy_after": 0.4679748649542498,
      "f1_before": 0.6754250721414292,
      "f1_after": 0.3651250018875811,
      "rmse": 10.993843783465994
    },
    "-5": {
      "accuracy_before": 0.7355308124793297,
      "accuracy_after": 0.6012567522875096,
      "f1_before": 0.6754250721414292,
      "f1_after": 0.4912615091669572,
      "rmse": 8.981176825472826
    },
    "0": {
      "accuracy_before": 0.7355308124793297,
      "accuracy_after": 0.6819534781170764,
      "f1_before": 0.6754250721414292,
      "f1_after": 0.6037847778915048,
      "rmse": 6.808243848133988
    },
    "5": {
      "accuracy_before": 0.7355308124793297,
      "accuracy_after": 0.7133722853048176,
      "f1_before": 0.6754250721414292,
      "f1_after": 0.6340642923160733,
      "rmse": 5.008985075645276
    },
    "10": {
      "accuracy_before": 0.7355308124793297,
      "accuracy_after": 0.7310109139014441,
      "f1_before": 0.6754250721414292,
      "f1_after": 0.6636357587624215,
      "rmse": 3.9925594268561038
    },
    "15": {
      "accuracy_before": 0.7355308124793297,
      "accuracy_after": 0.7336567081909382,
      "f1_before": 0.6754250721414292,
      "f1_after": 0.6669957140188978,
      "rmse": 3.527275346703169
    },
    "20": {
      "accuracy_before": 0.7355308124793297,
      "accuracy_after": 0.735200088193143,
      "f1_before": 0.6754250721414292,
      "f1_after": 0.6641013379416602,
      "rmse": 3.3187325342440746
    },
    "25": {
      "accuracy_before": 0.7355308124793297,
      "accuracy_after": 0.733987432477125,
      "f1_before": 0.6754250721414292,
      "f1_after": 0.6667458961503359,
      "rmse": 3.2600233594373442
    },
    "30": {
      "accuracy_before": 0.7355308124793297,
      "accuracy_after": 0.7355308124793297,
      "f1_before": 0.6754250721414292,
      "f1_after": 0.6710293417620721,
      "rmse": 3.2436814141051116
    }
  },
  "best_accuracy_after_channel": 0.7355308124793297,
  "bandwidth_bytes": 384,
  "timestamp": "2025-12-17T22:09:04.506083"
}