{
  "fuzsemcom": {
    "accuracy": 0.9499328367322017,
    "f1_macro": 0.9148039868336486,
    "precision_macro": 0.9245873607091464,
    "recall_macro": 0.9152167584920478
  },
  "l_deepsc": {
    "accuracy": 0.8808157284161681,
    "f1_macro": 0.7139151567421862,
    "precision_macro": 0.7082449841490821,
    "recall_macro": 0.8996548839862093
  },
  "diff": {
    "accuracy": -0.06911710831603368,
    "f1_macro": -0.2008888300914624
  }
}